Terminales,Profundidad,Ancho_de_Banda
16,5,99.76
16,10,84.52
16,17,69.83
16,26,56.31
16,22,60.67
16,14,75.08
16,27,55.40
16,6,94.22
16,6,94.22
16,14,75.08
16,13,75.55
16,9,85.88
16,13,75.55
16,7,93.78
16,15,73.88
16,21,61.81
16,27,55.40
16,29,53.78
16,26,56.31
16,21,61.81
16,11,82.86
16,5,99.76
16,6,94.22
16,19,65.65
16,18,67.64
16,11,82.86
16,13,75.55
16,21,61.81
16,12,78.89
16,6,94.22
16,23,62.58
16,22,60.67
16,6,94.22
16,30,53.70
